"Data","Consumo","regiao"
"1979.01",228,"CO"
"1979.02",231,"CO"
"1979.03",228,"CO"
"1979.04",243,"CO"
"1979.05",241,"CO"
"1979.06",242,"CO"
"1979.07",250,"CO"
"1979.08",247,"CO"
"1979.09",254,"CO"
"1979.10",268,"CO"
"1979.11",263,"CO"
"1979.12",277,"CO"
"1980.01",271,"CO"
"1980.02",267,"CO"
"1980.03",268,"CO"
"1980.04",285,"CO"
"1980.05",264,"CO"
"1980.06",290,"CO"
"1980.07",279,"CO"
"1980.08",286,"CO"
"1980.09",307,"CO"
"1980.10",294,"CO"
"1980.11",306,"CO"
"1980.12",296,"CO"
"1981.01",301,"CO"
"1981.02",302,"CO"
"1981.03",300,"CO"
"1981.04",310,"CO"
"1981.05",309,"CO"
"1981.06",306,"CO"
"1981.07",299,"CO"
"1981.08",304,"CO"
"1981.09",322,"CO"
"1981.10",316,"CO"
"1981.11",313,"CO"
"1981.12",310,"CO"
"1982.01",325,"CO"
"1982.02",309,"CO"
"1982.03",319,"CO"
"1982.04",336,"CO"
"1982.05",340,"CO"
"1982.06",345,"CO"
"1982.07",357,"CO"
"1982.08",355,"CO"
"1982.09",368,"CO"
"1982.10",377,"CO"
"1982.11",375,"CO"
"1982.12",377,"CO"
"1983.01",366,"CO"
"1983.02",365,"CO"
"1983.03",373,"CO"
"1983.04",376,"CO"
"1983.05",397,"CO"
"1983.06",415,"CO"
"1983.07",404,"CO"
"1983.08",414,"CO"
"1983.09",419,"CO"
"1983.10",419,"CO"
"1983.11",409,"CO"
"1983.12",411,"CO"
"1984.01",422,"CO"
"1984.02",440,"CO"
"1984.03",436,"CO"
"1984.04",441,"CO"
"1984.05",458,"CO"
"1984.06",454,"CO"
"1984.07",458,"CO"
"1984.08",478,"CO"
"1984.09",471,"CO"
"1984.10",467,"CO"
"1984.11",496,"CO"
"1984.12",473,"CO"
"1985.01",478,"CO"
"1985.02",471,"CO"
"1985.03",476,"CO"
"1985.04",494,"CO"
"1985.05",506,"CO"
"1985.06",499,"CO"
"1985.07",488,"CO"
"1985.08",517,"CO"
"1985.09",461,"CO"
"1985.10",598,"CO"
"1985.11",547,"CO"
"1985.12",524,"CO"
"1986.01",557,"CO"
"1986.02",512,"CO"
"1986.03",533,"CO"
"1986.04",551,"CO"
"1986.05",567,"CO"
"1986.06",560,"CO"
"1986.07",536,"CO"
"1986.08",570,"CO"
"1986.09",584,"CO"
"1986.10",549,"CO"
"1986.11",598,"CO"
"1986.12",552,"CO"
"1987.01",580,"CO"
"1987.02",549,"CO"
"1987.03",562,"CO"
"1987.04",579,"CO"
"1987.05",592,"CO"
"1987.06",582,"CO"
"1987.07",585,"CO"
"1987.08",611,"CO"
"1987.09",624,"CO"
"1987.10",616,"CO"
"1987.11",635,"CO"
"1987.12",604,"CO"
"1988.01",625,"CO"
"1988.02",647,"CO"
"1988.03",637,"CO"
"1988.04",648,"CO"
"1988.05",631,"CO"
"1988.06",633,"CO"
"1988.07",645,"CO"
"1988.08",638,"CO"
"1988.09",661,"CO"
"1988.10",654,"CO"
"1988.11",636,"CO"
"1988.12",614,"CO"
"1989.01",632,"CO"
"1989.02",604,"CO"
"1989.03",632,"CO"
"1989.04",631,"CO"
"1989.05",679,"CO"
"1989.06",674,"CO"
"1989.07",671,"CO"
"1989.08",689,"CO"
"1989.09",698,"CO"
"1989.10",702,"CO"
"1989.11",714,"CO"
"1989.12",667,"CO"
"1990.01",693,"CO"
"1990.02",671,"CO"
"1990.03",691,"CO"
"1990.04",686,"CO"
"1990.05",688,"CO"
"1990.06",695,"CO"
"1990.07",703,"CO"
"1990.08",707,"CO"
"1990.09",731,"CO"
"1990.10",728,"CO"
"1990.11",758,"CO"
"1990.12",706,"CO"
"1991.01",730,"CO"
"1991.02",687,"CO"
"1991.03",671,"CO"
"1991.04",734,"CO"
"1991.05",763,"CO"
"1991.06",770,"CO"
"1991.07",765,"CO"
"1991.08",754,"CO"
"1991.09",785,"CO"
"1991.10",781,"CO"
"1991.11",786,"CO"
"1991.12",756,"CO"
"1992.01",744,"CO"
"1992.02",734,"CO"
"1992.03",749,"CO"
"1992.04",757,"CO"
"1992.05",758,"CO"
"1992.06",762,"CO"
"1992.07",756,"CO"
"1992.08",768,"CO"
"1992.09",773,"CO"
"1992.10",740,"CO"
"1992.11",750,"CO"
"1992.12",770,"CO"
"1993.01",770,"CO"
"1993.02",752,"CO"
"1993.03",784,"CO"
"1993.04",835,"CO"
"1993.05",834,"CO"
"1993.06",816,"CO"
"1993.07",811,"CO"
"1993.08",826,"CO"
"1993.09",857,"CO"
"1993.10",850,"CO"
"1993.11",864,"CO"
"1993.12",832,"CO"
"1994.01",819,"CO"
"1994.02",808,"CO"
"1994.03",848,"CO"
"1994.04",882,"CO"
"1994.05",862,"CO"
"1994.06",900,"CO"
"1994.07",863,"CO"
"1994.08",892,"CO"
"1994.09",920,"CO"
"1994.10",966,"CO"
"1994.11",966,"CO"
"1994.12",914,"CO"
"1995.01",913,"CO"
"1995.02",917,"CO"
"1995.03",954,"CO"
"1995.04",1003,"CO"
"1995.05",975,"CO"
"1995.06",986,"CO"
"1995.07",977,"CO"
"1995.08",1015,"CO"
"1995.09",1065,"CO"
"1995.10",1046,"CO"
"1995.11",1050,"CO"
"1995.12",1017,"CO"
"1996.01",1020,"CO"
"1996.02",1013,"CO"
"1996.03",1030,"CO"
"1996.04",1086,"CO"
"1996.05",1077,"CO"
"1996.06",1063,"CO"
"1996.07",1047,"CO"
"1996.08",1066,"CO"
"1996.09",1125,"CO"
"1996.10",1126,"CO"
"1996.11",1111,"CO"
"1996.12",1062,"CO"
"1997.01",1092,"CO"
"1997.02",1044,"CO"
"1997.03",1051,"CO"
"1997.04",1111,"CO"
"1997.05",1121,"CO"
"1997.06",1109,"CO"
"1997.07",1132,"CO"
"1997.08",1170,"CO"
"1997.09",1202,"CO"
"1997.10",1216,"CO"
"1997.11",1228,"CO"
"1997.12",1135,"CO"
"1998.01",1157,"CO"
"1998.02",1141,"CO"
"1998.03",1125,"CO"
"1998.04",1238,"CO"
"1998.05",1235,"CO"
"1998.06",1194,"CO"
"1998.07",1219,"CO"
"1998.08",1288,"CO"
"1998.09",1308,"CO"
"1998.10",1279,"CO"
"1998.11",1252,"CO"
"1998.12",1245,"CO"
"1999.01",1239,"CO"
"1999.02",1200,"CO"
"1999.03",1237,"CO"
"1999.04",1338,"CO"
"1999.05",1282,"CO"
"1999.06",1290,"CO"
"1999.07",1305,"CO"
"1999.08",1338,"CO"
"1999.09",1392,"CO"
"1999.10",1356,"CO"
"1999.11",1330,"CO"
"1999.12",1318,"CO"
"2000.01",1294,"CO"
"2000.02",1275,"CO"
"2000.03",1318,"CO"
"2000.04",1363,"CO"
"2000.05",1370,"CO"
"2000.06",1404,"CO"
"2000.07",1383,"CO"
"2000.08",1406,"CO"
"2000.09",1471,"CO"
"2000.10",1446,"CO"
"2000.11",1473,"CO"
"2000.12",1355,"CO"
"2001.01",1379,"CO"
"2001.02",1373,"CO"
"2001.03",1439,"CO"
"2001.04",1471,"CO"
"2001.05",1472,"CO"
"2001.06",1260,"CO"
"2001.07",1094,"CO"
"2001.08",1152,"CO"
"2001.09",1172,"CO"
"2001.10",1164,"CO"
"2001.11",1169,"CO"
"2001.12",1124,"CO"
"2002.01",1135,"CO"
"2002.02",1146,"CO"
"2002.03",1254,"CO"
"2002.04",1347,"CO"
"2002.05",1426,"CO"
"2002.06",1362,"CO"
"2002.07",1360,"CO"
"2002.08",1419,"CO"
"2002.09",1448,"CO"
"2002.10",1461,"CO"
"2002.11",1488,"CO"
"2002.12",1433,"CO"
"2003.01",1414,"CO"
"2003.02",1434,"CO"
"2003.03",1507,"CO"
"2003.04",1511,"CO"
"2003.05",1557,"CO"
"2003.06",1535,"CO"
"2003.07",1548,"CO"
"2003.08",1596,"CO"
"2003.09",1590,"CO"
"2003.10",1633,"CO"
"2003.11",1583,"CO"
"2003.12",1523,"CO"
"2004.01",1518,"CO"
"2004.02",1453,"CO"
"2004.03",1540,"CO"
"2004.04",1601,"CO"
"2004.05",1566,"CO"
"2004.06",1577,"CO"
"2004.07",1612,"CO"
"2004.08",1645,"CO"
"2004.09",1726,"CO"
"2004.10",1744,"CO"
"2004.11",1606,"CO"
"2004.12",1635,"CO"
"2005.01",1568,"CO"
"2005.02",1547,"CO"
"2005.03",1624,"CO"
"2005.04",1703,"CO"
"2005.05",1645,"CO"
"2005.06",1640,"CO"
"2005.07",1700,"CO"
"2005.08",1720,"CO"
"2005.09",1776,"CO"
"2005.10",1758,"CO"
"2005.11",1746,"CO"
"2005.12",1660,"CO"
"2006.01",1618,"CO"
"2006.02",1671,"CO"
"2006.03",1798,"CO"
"2006.04",1733,"CO"
"2006.05",1686,"CO"
"2006.06",1688,"CO"
"2006.07",1723,"CO"
"2006.08",1785,"CO"
"2006.09",1804,"CO"
"2006.10",1796,"CO"
"2006.11",1760,"CO"
"2006.12",1742,"CO"
"2007.01",1728,"CO"
"2007.02",1723,"CO"
"2007.03",1798,"CO"
"2007.04",1927,"CO"
"2007.05",1848,"CO"
"2007.06",1788,"CO"
"2007.07",1822,"CO"
"2007.08",1861,"CO"
"2007.09",1880,"CO"
"2007.10",1958,"CO"
"2007.11",1878,"CO"
"2007.12",1813,"CO"
"2008.01",1803,"CO"
"2008.02",1821,"CO"
"2008.03",1825,"CO"
"2008.04",1897,"CO"
"2008.05",1961,"CO"
"2008.06",1972,"CO"
"2008.07",1946,"CO"
"2008.08",2001,"CO"
"2008.09",2108,"CO"
"2008.10",2124,"CO"
"2008.11",2138,"CO"
"2008.12",1965,"CO"
"2009.01",1917,"CO"
"2009.02",1902,"CO"
"2009.03",2030,"CO"
"2009.04",2117,"CO"
"2009.05",2066,"CO"
"2009.06",2007,"CO"
"2009.07",2072,"CO"
"2009.08",2135,"CO"
"2009.09",2166,"CO"
"2009.10",2168,"CO"
"2009.11",2119,"CO"
"2009.12",2069,"CO"
"2010.01",2072,"CO"
"2010.02",2071,"CO"
"2010.03",2169,"CO"
"2010.04",2188,"CO"
"2010.05",2191,"CO"
"2010.06",2200,"CO"
"2010.07",2166,"CO"
"2010.08",2240,"CO"
"2010.09",2314,"CO"
"2010.10",2294,"CO"
"2010.11",2211,"CO"
"2010.12",2195,"CO"
"2011.01",2137,"CO"
"2011.02",2156,"CO"
"2011.03",2261,"CO"
"2011.04",2311,"CO"
"2011.05",2347,"CO"
"2011.06",2278,"CO"
"2011.07",2316,"CO"
"2011.08",2409,"CO"
"2011.09",2565,"CO"
"2011.10",2548,"CO"
"2011.11",2437,"CO"
"2011.12",2440,"CO"
"2012.01",2370,"CO"
"2012.02",2416,"CO"
"2012.03",2519,"CO"
"2012.04",2532,"CO"
"2012.05",2557,"CO"
"2012.06",2488,"CO"
"2012.07",2457,"CO"
"2012.08",2581,"CO"
"2012.09",2673,"CO"
"2012.10",2773,"CO"
"2012.11",2709,"CO"
"2012.12",2645,"CO"
"2013.01",2608,"CO"
"2013.02",2559,"CO"
"2013.03",2617,"CO"
"2013.04",2670,"CO"
"2013.05",2705,"CO"
"2013.06",2643,"CO"
"2013.07",2725,"CO"
"2013.08",2838,"CO"
"2013.09",2817,"CO"
"2013.10",2855,"CO"
"2013.11",2903,"CO"
"2013.12",2816,"CO"
"2014.01",2756,"CO"
"2014.02",2775,"CO"
"2014.03",2736,"CO"
"2014.04",2849,"CO"
"2014.05",2847,"CO"
"2014.06",2785,"CO"
"2014.07",2739,"CO"
"2014.08",2990,"CO"
"2014.09",3030,"CO"
"2014.10",3111,"CO"
"2014.11",3031,"CO"
"2014.12",2798,"CO"
"2015.01",2801,"CO"
"2015.02",2803,"CO"
"2015.03",2762,"CO"
"2015.04",2869,"CO"
"2015.05",2827,"CO"
"2015.06",2792,"CO"
"2015.07",2764,"CO"
"2015.08",2878,"CO"
"2015.09",3055,"CO"
"2015.10",3192,"CO"
"2015.11",3115,"CO"
"2015.12",2926,"CO"
"2016.01",2812,"CO"
"2016.02",2805,"CO"
"2016.03",2901,"CO"
"2016.04",3067,"CO"
"2016.05",2880,"CO"
"2016.06",2818,"CO"
"2016.07",2813,"CO"
"2016.08",2896,"CO"
"2016.09",2950,"CO"
"2016.10",2948,"CO"
"2016.11",2905,"CO"
"2016.12",2781,"CO"
"2017.01",2865,"CO"
"2017.02",2780,"CO"
"2017.03",2901,"CO"
"2017.04",2972,"CO"
"2017.05",2928,"CO"
"2017.06",2935,"CO"
"2017.07",2817,"CO"
"2017.08",2893,"CO"
"2017.09",3128,"CO"
"2017.10",3060,"CO"
"2017.11",3071,"CO"
"2017.12",2867,"CO"
"2018.01",2862,"CO"
"2018.02",2901,"CO"
"2018.03",2956,"CO"
"2018.04",3028,"CO"
"2018.05",2954,"CO"
"2018.06",2897,"CO"
"2018.07",2936,"CO"
"2018.08",3035,"CO"
"2018.09",3092,"CO"
"2018.10",3247,"CO"
"2018.11",3113,"CO"
"2018.12",3019,"CO"
"2019.01",3128,"CO"
"2019.02",3191,"CO"
"2019.03",3031,"CO"
"2019.04",3056,"CO"
"2019.05",3142,"CO"
"2019.06",3043,"CO"
"2019.07",3039,"CO"
"2019.08",3135,"CO"
"2019.09",3342,"CO"
"2019.10",3420,"CO"
"2019.11",3372,"CO"
"2019.12",3210,"CO"
"2020.01",3169,"CO"
"2020.02",3199,"CO"
"2020.03",3218,"CO"
"2020.04",3114,"CO"
"2020.05",3052,"CO"
"2020.06",2937,"CO"
"2020.07",3076,"CO"
"2020.08",3245,"CO"
"2020.09",3396,"CO"
"2020.10",3660,"CO"
"2020.11",3419,"CO"
"2020.12",3408,"CO"
"2021.01",3173,"CO"
"2021.02",3162,"CO"
"2021.03",3266,"CO"
"2021.04",3276,"CO"
"2021.05",3212,"CO"
"2021.06",3297,"CO"
"2021.07",3151,"CO"
"2021.08",3230,"CO"
"2021.09",3552,"CO"
"2021.10",3600,"CO"
"2021.11",3365,"CO"
"2021.12",3422,"CO"
"2022.01",3251,"CO"
"2022.02",3197,"CO"
"2022.03",3372,"CO"
"2022.04",3406,"CO"
"2022.05",3353,"CO"
"2022.06",3279,"CO"
"2022.07",3297,"CO"
"2022.08",3403,"CO"
"2022.09",3533,"CO"
"2022.10",3507,"CO"
"2022.11",3508,"CO"
"2022.12",3454,"CO"
"2023.01",3247,"CO"
"1979.01",1031,"NE"
"1979.02",1029,"NE"
"1979.03",1036,"NE"
"1979.04",992,"NE"
"1979.05",1028,"NE"
"1979.06",1012,"NE"
"1979.07",1039,"NE"
"1979.08",1055,"NE"
"1979.09",1074,"NE"
"1979.10",1094,"NE"
"1979.11",1130,"NE"
"1979.12",1171,"NE"
"1980.01",1198,"NE"
"1980.02",1145,"NE"
"1980.03",1168,"NE"
"1980.04",1105,"NE"
"1980.05",1171,"NE"
"1980.06",1158,"NE"
"1980.07",1194,"NE"
"1980.08",1212,"NE"
"1980.09",1194,"NE"
"1980.10",1212,"NE"
"1980.11",1210,"NE"
"1980.12",1251,"NE"
"1981.01",1276,"NE"
"1981.02",1241,"NE"
"1981.03",1225,"NE"
"1981.04",1236,"NE"
"1981.05",1256,"NE"
"1981.06",1232,"NE"
"1981.07",1242,"NE"
"1981.08",1253,"NE"
"1981.09",1236,"NE"
"1981.10",1299,"NE"
"1981.11",1320,"NE"
"1981.12",1346,"NE"
"1982.01",1397,"NE"
"1982.02",1304,"NE"
"1982.03",1342,"NE"
"1982.04",1344,"NE"
"1982.05",1310,"NE"
"1982.06",1324,"NE"
"1982.07",1319,"NE"
"1982.08",1342,"NE"
"1982.09",1375,"NE"
"1982.10",1417,"NE"
"1982.11",1413,"NE"
"1982.12",1455,"NE"
"1983.01",1468,"NE"
"1983.02",1379,"NE"
"1983.03",1435,"NE"
"1983.04",1515,"NE"
"1983.05",1501,"NE"
"1983.06",1500,"NE"
"1983.07",1542,"NE"
"1983.08",1551,"NE"
"1983.09",1573,"NE"
"1983.10",1611,"NE"
"1983.11",1622,"NE"
"1983.12",1652,"NE"
"1984.01",1649,"NE"
"1984.02",1666,"NE"
"1984.03",1698,"NE"
"1984.04",1586,"NE"
"1984.05",1611,"NE"
"1984.06",1664,"NE"
"1984.07",1678,"NE"
"1984.08",1790,"NE"
"1984.09",1854,"NE"
"1984.10",1906,"NE"
"1984.11",1942,"NE"
"1984.12",2026,"NE"
"1985.01",2026,"NE"
"1985.02",1924,"NE"
"1985.03",1928,"NE"
"1985.04",1957,"NE"
"1985.05",1943,"NE"
"1985.06",1969,"NE"
"1985.07",1960,"NE"
"1985.08",1983,"NE"
"1985.09",1988,"NE"
"1985.10",2185,"NE"
"1985.11",2046,"NE"
"1985.12",2141,"NE"
"1986.01",2149,"NE"
"1986.02",2021,"NE"
"1986.03",2058,"NE"
"1986.04",2207,"NE"
"1986.05",2272,"NE"
"1986.06",2275,"NE"
"1986.07",2313,"NE"
"1986.08",2387,"NE"
"1986.09",2380,"NE"
"1986.10",2434,"NE"
"1986.11",2390,"NE"
"1986.12",2417,"NE"
"1987.01",2528,"NE"
"1987.02",2304,"NE"
"1987.03",2219,"NE"
"1987.04",2028,"NE"
"1987.05",2078,"NE"
"1987.06",2012,"NE"
"1987.07",2048,"NE"
"1987.08",2090,"NE"
"1987.09",2150,"NE"
"1987.10",2249,"NE"
"1987.11",2254,"NE"
"1987.12",2260,"NE"
"1988.01",2309,"NE"
"1988.02",2252,"NE"
"1988.03",2347,"NE"
"1988.04",2310,"NE"
"1988.05",2308,"NE"
"1988.06",2336,"NE"
"1988.07",2321,"NE"
"1988.08",2293,"NE"
"1988.09",2373,"NE"
"1988.10",2523,"NE"
"1988.11",2349,"NE"
"1988.12",2447,"NE"
"1989.01",2453,"NE"
"1989.02",2388,"NE"
"1989.03",2441,"NE"
"1989.04",2404,"NE"
"1989.05",2448,"NE"
"1989.06",2499,"NE"
"1989.07",2518,"NE"
"1989.08",2512,"NE"
"1989.09",2547,"NE"
"1989.10",2593,"NE"
"1989.11",2690,"NE"
"1989.12",2615,"NE"
"1990.01",2639,"NE"
"1990.02",2519,"NE"
"1990.03",2598,"NE"
"1990.04",2507,"NE"
"1990.05",2489,"NE"
"1990.06",2488,"NE"
"1990.07",2544,"NE"
"1990.08",2615,"NE"
"1990.09",2662,"NE"
"1990.10",2706,"NE"
"1990.11",2820,"NE"
"1990.12",2783,"NE"
"1991.01",2808,"NE"
"1991.02",2673,"NE"
"1991.03",2670,"NE"
"1991.04",2692,"NE"
"1991.05",2775,"NE"
"1991.06",2790,"NE"
"1991.07",2859,"NE"
"1991.08",2861,"NE"
"1991.09",2797,"NE"
"1991.10",2922,"NE"
"1991.11",2925,"NE"
"1991.12",2853,"NE"
"1992.01",2931,"NE"
"1992.02",2800,"NE"
"1992.03",2832,"NE"
"1992.04",2825,"NE"
"1992.05",2871,"NE"
"1992.06",2822,"NE"
"1992.07",2854,"NE"
"1992.08",2836,"NE"
"1992.09",2865,"NE"
"1992.10",2904,"NE"
"1992.11",2874,"NE"
"1992.12",2884,"NE"
"1993.01",2911,"NE"
"1993.02",2718,"NE"
"1993.03",2910,"NE"
"1993.04",2926,"NE"
"1993.05",2924,"NE"
"1993.06",2895,"NE"
"1993.07",2920,"NE"
"1993.08",2912,"NE"
"1993.09",2940,"NE"
"1993.10",2955,"NE"
"1993.11",2958,"NE"
"1993.12",2977,"NE"
"1994.01",3022,"NE"
"1994.02",2818,"NE"
"1994.03",2929,"NE"
"1994.04",2893,"NE"
"1994.05",2860,"NE"
"1994.06",2877,"NE"
"1994.07",2829,"NE"
"1994.08",2908,"NE"
"1994.09",2973,"NE"
"1994.10",2982,"NE"
"1994.11",3031,"NE"
"1994.12",3086,"NE"
"1995.01",3256,"NE"
"1995.02",2961,"NE"
"1995.03",3244,"NE"
"1995.04",3115,"NE"
"1995.05",3090,"NE"
"1995.06",3059,"NE"
"1995.07",3186,"NE"
"1995.08",3182,"NE"
"1995.09",3221,"NE"
"1995.10",3273,"NE"
"1995.11",3364,"NE"
"1995.12",3311,"NE"
"1996.01",3400,"NE"
"1996.02",3350,"NE"
"1996.03",3420,"NE"
"1996.04",3391,"NE"
"1996.05",3372,"NE"
"1996.06",3363,"NE"
"1996.07",3358,"NE"
"1996.08",3400,"NE"
"1996.09",3421,"NE"
"1996.10",3503,"NE"
"1996.11",3455,"NE"
"1996.12",3492,"NE"
"1997.01",3644,"NE"
"1997.02",3449,"NE"
"1997.03",3427,"NE"
"1997.04",3470,"NE"
"1997.05",3529,"NE"
"1997.06",3491,"NE"
"1997.07",3533,"NE"
"1997.08",3581,"NE"
"1997.09",3565,"NE"
"1997.10",3770,"NE"
"1997.11",3804,"NE"
"1997.12",3762,"NE"
"1998.01",3864,"NE"
"1998.02",3666,"NE"
"1998.03",3788,"NE"
"1998.04",3885,"NE"
"1998.05",3904,"NE"
"1998.06",3733,"NE"
"1998.07",3803,"NE"
"1998.08",3806,"NE"
"1998.09",3833,"NE"
"1998.10",3937,"NE"
"1998.11",3982,"NE"
"1998.12",3915,"NE"
"1999.01",3968,"NE"
"1999.02",3770,"NE"
"1999.03",3814,"NE"
"1999.04",3978,"NE"
"1999.05",3885,"NE"
"1999.06",3865,"NE"
"1999.07",3922,"NE"
"1999.08",3918,"NE"
"1999.09",3956,"NE"
"1999.10",4052,"NE"
"1999.11",4097,"NE"
"1999.12",4109,"NE"
"2000.01",4072,"NE"
"2000.02",4023,"NE"
"2000.03",4112,"NE"
"2000.04",4059,"NE"
"2000.05",4109,"NE"
"2000.06",4099,"NE"
"2000.07",4056,"NE"
"2000.08",4122,"NE"
"2000.09",4187,"NE"
"2000.10",4437,"NE"
"2000.11",4208,"NE"
"2000.12",4249,"NE"
"2001.01",4287,"NE"
"2001.02",4135,"NE"
"2001.03",4294,"NE"
"2001.04",4263,"NE"
"2001.05",4341,"NE"
"2001.06",3762,"NE"
"2001.07",3233,"NE"
"2001.08",3254,"NE"
"2001.09",3268,"NE"
"2001.10",3368,"NE"
"2001.11",3420,"NE"
"2001.12",3432,"NE"
"2002.01",3671,"NE"
"2002.02",3556,"NE"
"2002.03",3583,"NE"
"2002.04",3899,"NE"
"2002.05",3957,"NE"
"2002.06",3897,"NE"
"2002.07",3964,"NE"
"2002.08",4039,"NE"
"2002.09",4052,"NE"
"2002.10",4225,"NE"
"2002.11",4272,"NE"
"2002.12",4220,"NE"
"2003.01",4315,"NE"
"2003.02",4047,"NE"
"2003.03",4117,"NE"
"2003.04",4129,"NE"
"2003.05",4094,"NE"
"2003.06",4126,"NE"
"2003.07",4088,"NE"
"2003.08",4009,"NE"
"2003.09",4058,"NE"
"2003.10",4398,"NE"
"2003.11",4359,"NE"
"2003.12",4452,"NE"
"2004.01",4359,"NE"
"2004.02",4014,"NE"
"2004.03",4219,"NE"
"2004.04",4328,"NE"
"2004.05",4420,"NE"
"2004.06",4406,"NE"
"2004.07",4368,"NE"
"2004.08",4428,"NE"
"2004.09",4549,"NE"
"2004.10",4655,"NE"
"2004.11",4696,"NE"
"2004.12",4763,"NE"
"2005.01",4772,"NE"
"2005.02",4524,"NE"
"2005.03",4690,"NE"
"2005.04",4673,"NE"
"2005.05",4736,"NE"
"2005.06",4571,"NE"
"2005.07",4640,"NE"
"2005.08",4739,"NE"
"2005.09",4764,"NE"
"2005.10",4849,"NE"
"2005.11",4920,"NE"
"2005.12",5006,"NE"
"2006.01",4919,"NE"
"2006.02",4704,"NE"
"2006.03",5060,"NE"
"2006.04",4857,"NE"
"2006.05",4795,"NE"
"2006.06",4772,"NE"
"2006.07",4749,"NE"
"2006.08",4940,"NE"
"2006.09",4953,"NE"
"2006.10",5142,"NE"
"2006.11",5135,"NE"
"2006.12",5124,"NE"
"2007.01",5267,"NE"
"2007.02",4974,"NE"
"2007.03",5018,"NE"
"2007.04",5169,"NE"
"2007.05",5172,"NE"
"2007.06",5082,"NE"
"2007.07",5139,"NE"
"2007.08",5211,"NE"
"2007.09",5147,"NE"
"2007.10",5441,"NE"
"2007.11",5503,"NE"
"2007.12",5546,"NE"
"2008.01",5474,"NE"
"2008.02",5252,"NE"
"2008.03",5338,"NE"
"2008.04",5248,"NE"
"2008.05",5408,"NE"
"2008.06",5241,"NE"
"2008.07",5335,"NE"
"2008.08",5378,"NE"
"2008.09",5463,"NE"
"2008.10",5685,"NE"
"2008.11",5585,"NE"
"2008.12",5536,"NE"
"2009.01",5341,"NE"
"2009.02",5102,"NE"
"2009.03",5391,"NE"
"2009.04",5307,"NE"
"2009.05",5189,"NE"
"2009.06",5123,"NE"
"2009.07",5258,"NE"
"2009.08",5502,"NE"
"2009.09",5581,"NE"
"2009.10",5779,"NE"
"2009.11",5758,"NE"
"2009.12",5963,"NE"
"2010.01",5740,"NE"
"2010.02",5589,"NE"
"2010.03",6119,"NE"
"2010.04",5884,"NE"
"2010.05",5960,"NE"
"2010.06",5906,"NE"
"2010.07",5844,"NE"
"2010.08",5833,"NE"
"2010.09",5896,"NE"
"2010.10",6123,"NE"
"2010.11",6136,"NE"
"2010.12",6166,"NE"
"2011.01",5989,"NE"
"2011.02",5503,"NE"
"2011.03",6027,"NE"
"2011.04",5967,"NE"
"2011.05",5899,"NE"
"2011.06",5809,"NE"
"2011.07",5937,"NE"
"2011.08",6093,"NE"
"2011.09",6093,"NE"
"2011.10",6216,"NE"
"2011.11",6138,"NE"
"2011.12",6244,"NE"
"2012.01",6298,"NE"
"2012.02",6010,"NE"
"2012.03",6408,"NE"
"2012.04",6272,"NE"
"2012.05",6436,"NE"
"2012.06",6135,"NE"
"2012.07",6112,"NE"
"2012.08",6324,"NE"
"2012.09",6288,"NE"
"2012.10",6428,"NE"
"2012.11",6421,"NE"
"2012.12",6479,"NE"
"2013.01",6660,"NE"
"2013.02",6452,"NE"
"2013.03",6706,"NE"
"2013.04",6853,"NE"
"2013.05",6660,"NE"
"2013.06",6385,"NE"
"2013.07",6535,"NE"
"2013.08",6581,"NE"
"2013.09",6537,"NE"
"2013.10",6833,"NE"
"2013.11",6760,"NE"
"2013.12",6734,"NE"
"2014.01",6882,"NE"
"2014.02",6612,"NE"
"2014.03",6843,"NE"
"2014.04",6670,"NE"
"2014.05",6634,"NE"
"2014.06",6356,"NE"
"2014.07",6535,"NE"
"2014.08",6634,"NE"
"2014.09",6700,"NE"
"2014.10",6911,"NE"
"2014.11",6921,"NE"
"2014.12",6859,"NE"
"2015.01",6968,"NE"
"2015.02",6772,"NE"
"2015.03",6898,"NE"
"2015.04",6729,"NE"
"2015.05",6697,"NE"
"2015.06",6486,"NE"
"2015.07",6272,"NE"
"2015.08",6405,"NE"
"2015.09",6469,"NE"
"2015.10",6711,"NE"
"2015.11",6728,"NE"
"2015.12",6854,"NE"
"2016.01",6614,"NE"
"2016.02",6356,"NE"
"2016.03",6778,"NE"
"2016.04",6601,"NE"
"2016.05",6760,"NE"
"2016.06",6633,"NE"
"2016.07",6474,"NE"
"2016.08",6513,"NE"
"2016.09",6615,"NE"
"2016.10",6668,"NE"
"2016.11",6814,"NE"
"2016.12",6854,"NE"
"2017.01",6681,"NE"
"2017.02",6294,"NE"
"2017.03",6742,"NE"
"2017.04",6501,"NE"
"2017.05",6623,"NE"
"2017.06",6530,"NE"
"2017.07",6303,"NE"
"2017.08",6427,"NE"
"2017.09",6428,"NE"
"2017.10",6809,"NE"
"2017.11",6873,"NE"
"2017.12",6876,"NE"
"2018.01",6736,"NE"
"2018.02",6340,"NE"
"2018.03",6582,"NE"
"2018.04",6672,"NE"
"2018.05",6665,"NE"
"2018.06",6613,"NE"
"2018.07",6525,"NE"
"2018.08",6743,"NE"
"2018.09",6690,"NE"
"2018.10",7100,"NE"
"2018.11",7264,"NE"
"2018.12",6870,"NE"
"2019.01",6976,"NE"
"2019.02",6812,"NE"
"2019.03",7060,"NE"
"2019.04",6772,"NE"
"2019.05",7062,"NE"
"2019.06",6382,"NE"
"2019.07",6675,"NE"
"2019.08",6571,"NE"
"2019.09",6604,"NE"
"2019.10",7107,"NE"
"2019.11",7311,"NE"
"2019.12",7515,"NE"
"2020.01",7118,"NE"
"2020.02",6792,"NE"
"2020.03",6907,"NE"
"2020.04",6357,"NE"
"2020.05",6332,"NE"
"2020.06",6230,"NE"
"2020.07",6528,"NE"
"2020.08",6540,"NE"
"2020.09",6827,"NE"
"2020.10",7347,"NE"
"2020.11",7023,"NE"
"2020.12",7098,"NE"
"2021.01",7400,"NE"
"2021.02",7027,"NE"
"2021.03",7243,"NE"
"2021.04",7219,"NE"
"2021.05",6959,"NE"
"2021.06",7013,"NE"
"2021.07",6978,"NE"
"2021.08",7092,"NE"
"2021.09",7177,"NE"
"2021.10",7553,"NE"
"2021.11",7471,"NE"
"2021.12",7715,"NE"
"2022.01",7266,"NE"
"2022.02",7008,"NE"
"2022.03",7472,"NE"
"2022.04",7212,"NE"
"2022.05",7273,"NE"
"2022.06",7025,"NE"
"2022.07",7109,"NE"
"2022.08",7307,"NE"
"2022.09",7421,"NE"
"2022.10",7642,"NE"
"2022.11",7791,"NE"
"2022.12",7693,"NE"
"2023.01",7673,"NE"
"1979.01",116,"N"
"1979.02",123,"N"
"1979.03",128,"N"
"1979.04",122,"N"
"1979.05",126,"N"
"1979.06",129,"N"
"1979.07",131,"N"
"1979.08",134,"N"
"1979.09",138,"N"
"1979.10",142,"N"
"1979.11",142,"N"
"1979.12",146,"N"
"1980.01",144,"N"
"1980.02",142,"N"
"1980.03",135,"N"
"1980.04",142,"N"
"1980.05",138,"N"
"1980.06",148,"N"
"1980.07",145,"N"
"1980.08",154,"N"
"1980.09",154,"N"
"1980.10",157,"N"
"1980.11",157,"N"
"1980.12",162,"N"
"1981.01",154,"N"
"1981.02",150,"N"
"1981.03",153,"N"
"1981.04",147,"N"
"1981.05",162,"N"
"1981.06",161,"N"
"1981.07",157,"N"
"1981.08",158,"N"
"1981.09",170,"N"
"1981.10",171,"N"
"1981.11",173,"N"
"1981.12",175,"N"
"1982.01",174,"N"
"1982.02",155,"N"
"1982.03",158,"N"
"1982.04",176,"N"
"1982.05",167,"N"
"1982.06",179,"N"
"1982.07",205,"N"
"1982.08",201,"N"
"1982.09",218,"N"
"1982.10",220,"N"
"1982.11",216,"N"
"1982.12",215,"N"
"1983.01",222,"N"
"1983.02",218,"N"
"1983.03",210,"N"
"1983.04",234,"N"
"1983.05",224,"N"
"1983.06",234,"N"
"1983.07",224,"N"
"1983.08",224,"N"
"1983.09",230,"N"
"1983.10",227,"N"
"1983.11",229,"N"
"1983.12",223,"N"
"1984.01",218,"N"
"1984.02",213,"N"
"1984.03",217,"N"
"1984.04",218,"N"
"1984.05",217,"N"
"1984.06",226,"N"
"1984.07",225,"N"
"1984.08",236,"N"
"1984.09",249,"N"
"1984.10",235,"N"
"1984.11",258,"N"
"1984.12",244,"N"
"1985.01",240,"N"
"1985.02",236,"N"
"1985.03",228,"N"
"1985.04",237,"N"
"1985.05",243,"N"
"1985.06",250,"N"
"1985.07",249,"N"
"1985.08",273,"N"
"1985.09",289,"N"
"1985.10",306,"N"
"1985.11",344,"N"
"1985.12",333,"N"
"1986.01",351,"N"
"1986.02",351,"N"
"1986.03",352,"N"
"1986.04",381,"N"
"1986.05",415,"N"
"1986.06",417,"N"
"1986.07",434,"N"
"1986.08",467,"N"
"1986.09",488,"N"
"1986.10",518,"N"
"1986.11",530,"N"
"1986.12",537,"N"
"1987.01",559,"N"
"1987.02",518,"N"
"1987.03",529,"N"
"1987.04",535,"N"
"1987.05",541,"N"
"1987.06",542,"N"
"1987.07",539,"N"
"1987.08",561,"N"
"1987.09",572,"N"
"1987.10",573,"N"
"1987.11",579,"N"
"1987.12",559,"N"
"1988.01",574,"N"
"1988.02",538,"N"
"1988.03",558,"N"
"1988.04",565,"N"
"1988.05",575,"N"
"1988.06",579,"N"
"1988.07",582,"N"
"1988.08",603,"N"
"1988.09",616,"N"
"1988.10",616,"N"
"1988.11",601,"N"
"1988.12",607,"N"
"1989.01",603,"N"
"1989.02",577,"N"
"1989.03",593,"N"
"1989.04",599,"N"
"1989.05",607,"N"
"1989.06",615,"N"
"1989.07",647,"N"
"1989.08",654,"N"
"1989.09",675,"N"
"1989.10",676,"N"
"1989.11",677,"N"
"1989.12",676,"N"
"1990.01",681,"N"
"1990.02",634,"N"
"1990.03",670,"N"
"1990.04",662,"N"
"1990.05",684,"N"
"1990.06",693,"N"
"1990.07",727,"N"
"1990.08",759,"N"
"1990.09",773,"N"
"1990.10",803,"N"
"1990.11",841,"N"
"1990.12",878,"N"
"1991.01",895,"N"
"1991.02",834,"N"
"1991.03",745,"N"
"1991.04",753,"N"
"1991.05",834,"N"
"1991.06",886,"N"
"1991.07",905,"N"
"1991.08",919,"N"
"1991.09",902,"N"
"1991.10",932,"N"
"1991.11",932,"N"
"1991.12",931,"N"
"1992.01",912,"N"
"1992.02",880,"N"
"1992.03",888,"N"
"1992.04",880,"N"
"1992.05",906,"N"
"1992.06",893,"N"
"1992.07",915,"N"
"1992.08",921,"N"
"1992.09",908,"N"
"1992.10",923,"N"
"1992.11",922,"N"
"1992.12",922,"N"
"1993.01",920,"N"
"1993.02",857,"N"
"1993.03",898,"N"
"1993.04",906,"N"
"1993.05",931,"N"
"1993.06",929,"N"
"1993.07",949,"N"
"1993.08",957,"N"
"1993.09",937,"N"
"1993.10",964,"N"
"1993.11",953,"N"
"1993.12",952,"N"
"1994.01",955,"N"
"1994.02",890,"N"
"1994.03",926,"N"
"1994.04",921,"N"
"1994.05",953,"N"
"1994.06",936,"N"
"1994.07",950,"N"
"1994.08",964,"N"
"1994.09",980,"N"
"1994.10",1016,"N"
"1994.11",1006,"N"
"1994.12",1009,"N"
"1995.01",1015,"N"
"1995.02",964,"N"
"1995.03",1007,"N"
"1995.04",1023,"N"
"1995.05",1035,"N"
"1995.06",1042,"N"
"1995.07",1054,"N"
"1995.08",1080,"N"
"1995.09",1097,"N"
"1995.10",1078,"N"
"1995.11",1081,"N"
"1995.12",1099,"N"
"1996.01",1104,"N"
"1996.02",1064,"N"
"1996.03",1098,"N"
"1996.04",1086,"N"
"1996.05",1082,"N"
"1996.06",1100,"N"
"1996.07",1115,"N"
"1996.08",1148,"N"
"1996.09",1152,"N"
"1996.10",1156,"N"
"1996.11",1158,"N"
"1996.12",1166,"N"
"1997.01",1166,"N"
"1997.02",1069,"N"
"1997.03",1117,"N"
"1997.04",1100,"N"
"1997.05",1168,"N"
"1997.06",1147,"N"
"1997.07",1165,"N"
"1997.08",1185,"N"
"1997.09",1192,"N"
"1997.10",1217,"N"
"1997.11",1185,"N"
"1997.12",1173,"N"
"1998.01",1179,"N"
"1998.02",1103,"N"
"1998.03",1163,"N"
"1998.04",1194,"N"
"1998.05",1211,"N"
"1998.06",1221,"N"
"1998.07",1193,"N"
"1998.08",1215,"N"
"1998.09",1242,"N"
"1998.10",1250,"N"
"1998.11",1234,"N"
"1998.12",1240,"N"
"1999.01",1232,"N"
"1999.02",1111,"N"
"1999.03",1187,"N"
"1999.04",1212,"N"
"1999.05",1201,"N"
"1999.06",1214,"N"
"1999.07",1244,"N"
"1999.08",1282,"N"
"1999.09",1272,"N"
"1999.10",1296,"N"
"1999.11",1304,"N"
"1999.12",1320,"N"
"2000.01",1307,"N"
"2000.02",1248,"N"
"2000.03",1275,"N"
"2000.04",1287,"N"
"2000.05",1309,"N"
"2000.06",1336,"N"
"2000.07",1339,"N"
"2000.08",1346,"N"
"2000.09",1374,"N"
"2000.10",1395,"N"
"2000.11",1384,"N"
"2000.12",1397,"N"
"2001.01",1351,"N"
"2001.02",1272,"N"
"2001.03",1316,"N"
"2001.04",1329,"N"
"2001.05",1374,"N"
"2001.06",1335,"N"
"2001.07",1218,"N"
"2001.08",1210,"N"
"2001.09",1196,"N"
"2001.10",1213,"N"
"2001.11",1217,"N"
"2001.12",1204,"N"
"2002.01",1326,"N"
"2002.02",1294,"N"
"2002.03",1347,"N"
"2002.04",1381,"N"
"2002.05",1434,"N"
"2002.06",1418,"N"
"2002.07",1436,"N"
"2002.08",1483,"N"
"2002.09",1462,"N"
"2002.10",1490,"N"
"2002.11",1475,"N"
"2002.12",1470,"N"
"2003.01",1484,"N"
"2003.02",1418,"N"
"2003.03",1456,"N"
"2003.04",1465,"N"
"2003.05",1535,"N"
"2003.06",1542,"N"
"2003.07",1558,"N"
"2003.08",1540,"N"
"2003.09",1602,"N"
"2003.10",1500,"N"
"2003.11",1622,"N"
"2003.12",1622,"N"
"2004.01",1588,"N"
"2004.02",1535,"N"
"2004.03",1598,"N"
"2004.04",1602,"N"
"2004.05",1651,"N"
"2004.06",1641,"N"
"2004.07",1664,"N"
"2004.08",1690,"N"
"2004.09",1714,"N"
"2004.10",1725,"N"
"2004.11",1720,"N"
"2004.12",1741,"N"
"2005.01",1705,"N"
"2005.02",1634,"N"
"2005.03",1687,"N"
"2005.04",1670,"N"
"2005.05",1688,"N"
"2005.06",1691,"N"
"2005.07",1717,"N"
"2005.08",1723,"N"
"2005.09",1750,"N"
"2005.10",1796,"N"
"2005.11",1787,"N"
"2005.12",1776,"N"
"2006.01",1741,"N"
"2006.02",1646,"N"
"2006.03",1817,"N"
"2006.04",1734,"N"
"2006.05",1754,"N"
"2006.06",1762,"N"
"2006.07",1799,"N"
"2006.08",1852,"N"
"2006.09",1886,"N"
"2006.10",1901,"N"
"2006.11",1872,"N"
"2006.12",1864,"N"
"2007.01",1835,"N"
"2007.02",1754,"N"
"2007.03",1816,"N"
"2007.04",1826,"N"
"2007.05",1876,"N"
"2007.06",1879,"N"
"2007.07",1891,"N"
"2007.08",1930,"N"
"2007.09",1964,"N"
"2007.10",2007,"N"
"2007.11",1996,"N"
"2007.12",1991,"N"
"2008.01",1891,"N"
"2008.02",1811,"N"
"2008.03",1894,"N"
"2008.04",1882,"N"
"2008.05",1926,"N"
"2008.06",2025,"N"
"2008.07",1999,"N"
"2008.08",2058,"N"
"2008.09",2104,"N"
"2008.10",2152,"N"
"2008.11",2082,"N"
"2008.12",2032,"N"
"2009.01",1973,"N"
"2009.02",1796,"N"
"2009.03",1882,"N"
"2009.04",1919,"N"
"2009.05",1924,"N"
"2009.06",1993,"N"
"2009.07",2025,"N"
"2009.08",2076,"N"
"2009.09",2089,"N"
"2009.10",2118,"N"
"2009.11",2121,"N"
"2009.12",2112,"N"
"2010.01",2067,"N"
"2010.02",1978,"N"
"2010.03",2109,"N"
"2010.04",2147,"N"
"2010.05",2177,"N"
"2010.06",2199,"N"
"2010.07",2197,"N"
"2010.08",2230,"N"
"2010.09",2281,"N"
"2010.10",2327,"N"
"2010.11",2263,"N"
"2010.12",2262,"N"
"2011.01",2217,"N"
"2011.02",2065,"N"
"2011.03",2237,"N"
"2011.04",2220,"N"
"2011.05",2264,"N"
"2011.06",2325,"N"
"2011.07",2353,"N"
"2011.08",2408,"N"
"2011.09",2421,"N"
"2011.10",2478,"N"
"2011.11",2371,"N"
"2011.12",2418,"N"
"2012.01",2369,"N"
"2012.02",2322,"N"
"2012.03",2440,"N"
"2012.04",2362,"N"
"2012.05",2430,"N"
"2012.06",2382,"N"
"2012.07",2398,"N"
"2012.08",2491,"N"
"2012.09",2456,"N"
"2012.10",2506,"N"
"2012.11",2484,"N"
"2012.12",2410,"N"
"2013.01",2393,"N"
"2013.02",2266,"N"
"2013.03",2378,"N"
"2013.04",2461,"N"
"2013.05",2454,"N"
"2013.06",2450,"N"
"2013.07",2563,"N"
"2013.08",2560,"N"
"2013.09",2571,"N"
"2013.10",2721,"N"
"2013.11",2642,"N"
"2013.12",2739,"N"
"2014.01",2601,"N"
"2014.02",2478,"N"
"2014.03",2615,"N"
"2014.04",2603,"N"
"2014.05",2708,"N"
"2014.06",2645,"N"
"2014.07",2732,"N"
"2014.08",2749,"N"
"2014.09",2838,"N"
"2014.10",2823,"N"
"2014.11",2765,"N"
"2014.12",2816,"N"
"2015.01",2693,"N"
"2015.02",2543,"N"
"2015.03",2683,"N"
"2015.04",2614,"N"
"2015.05",2687,"N"
"2015.06",2667,"N"
"2015.07",2816,"N"
"2015.08",2866,"N"
"2015.09",2939,"N"
"2015.10",3033,"N"
"2015.11",2945,"N"
"2015.12",2951,"N"
"2016.01",2707,"N"
"2016.02",2670,"N"
"2016.03",2837,"N"
"2016.04",2698,"N"
"2016.05",2844,"N"
"2016.06",2809,"N"
"2016.07",2891,"N"
"2016.08",2923,"N"
"2016.09",2909,"N"
"2016.10",2934,"N"
"2016.11",2940,"N"
"2016.12",2882,"N"
"2017.01",2752,"N"
"2017.02",2552,"N"
"2017.03",2793,"N"
"2017.04",2720,"N"
"2017.05",2933,"N"
"2017.06",2891,"N"
"2017.07",2881,"N"
"2017.08",3040,"N"
"2017.09",2991,"N"
"2017.10",3047,"N"
"2017.11",2965,"N"
"2017.12",2923,"N"
"2018.01",2817,"N"
"2018.02",2658,"N"
"2018.03",2881,"N"
"2018.04",2693,"N"
"2018.05",2670,"N"
"2018.06",2590,"N"
"2018.07",2662,"N"
"2018.08",2694,"N"
"2018.09",2694,"N"
"2018.10",2838,"N"
"2018.11",2724,"N"
"2018.12",2601,"N"
"2019.01",2566,"N"
"2019.02",2410,"N"
"2019.03",2599,"N"
"2019.04",2568,"N"
"2019.05",2689,"N"
"2019.06",2720,"N"
"2019.07",2821,"N"
"2019.08",2881,"N"
"2019.09",2938,"N"
"2019.10",2965,"N"
"2019.11",2925,"N"
"2019.12",2995,"N"
"2020.01",2891,"N"
"2020.02",2836,"N"
"2020.03",2811,"N"
"2020.04",2628,"N"
"2020.05",2659,"N"
"2020.06",2707,"N"
"2020.07",2896,"N"
"2020.08",3033,"N"
"2020.09",3082,"N"
"2020.10",3157,"N"
"2020.11",3007,"N"
"2020.12",2972,"N"
"2021.01",2877,"N"
"2021.02",2759,"N"
"2021.03",2903,"N"
"2021.04",2984,"N"
"2021.05",3057,"N"
"2021.06",3060,"N"
"2021.07",3049,"N"
"2021.08",3161,"N"
"2021.09",3191,"N"
"2021.10",3219,"N"
"2021.11",3179,"N"
"2021.12",3159,"N"
"2022.01",3034,"N"
"2022.02",2774,"N"
"2022.03",3004,"N"
"2022.04",2935,"N"
"2022.05",3098,"N"
"2022.06",3119,"N"
"2022.07",3254,"N"
"2022.08",3417,"N"
"2022.09",3380,"N"
"2022.10",3421,"N"
"2022.11",3345,"N"
"2022.12",3310,"N"
"2023.01",3178,"N"
"1979.01",5623,"SE"
"1979.02",5551,"SE"
"1979.03",5725,"SE"
"1979.04",5797,"SE"
"1979.05",6002,"SE"
"1979.06",5988,"SE"
"1979.07",6054,"SE"
"1979.08",6022,"SE"
"1979.09",6353,"SE"
"1979.10",6144,"SE"
"1979.11",6393,"SE"
"1979.12",6337,"SE"
"1980.01",6276,"SE"
"1980.02",6239,"SE"
"1980.03",6266,"SE"
"1980.04",6393,"SE"
"1980.05",6458,"SE"
"1980.06",6559,"SE"
"1980.07",6467,"SE"
"1980.08",6879,"SE"
"1980.09",6817,"SE"
"1980.10",6800,"SE"
"1980.11",7145,"SE"
"1980.12",6636,"SE"
"1981.01",7150,"SE"
"1981.02",6563,"SE"
"1981.03",6878,"SE"
"1981.04",6527,"SE"
"1981.05",6751,"SE"
"1981.06",6464,"SE"
"1981.07",6584,"SE"
"1981.08",6813,"SE"
"1981.09",6561,"SE"
"1981.10",6599,"SE"
"1981.11",6754,"SE"
"1981.12",6452,"SE"
"1982.01",6702,"SE"
"1982.02",6354,"SE"
"1982.03",6570,"SE"
"1982.04",7255,"SE"
"1982.05",6829,"SE"
"1982.06",6998,"SE"
"1982.07",7080,"SE"
"1982.08",7275,"SE"
"1982.09",7381,"SE"
"1982.10",7189,"SE"
"1982.11",7285,"SE"
"1982.12",7046,"SE"
"1983.01",7151,"SE"
"1983.02",6860,"SE"
"1983.03",6902,"SE"
"1983.04",7659,"SE"
"1983.05",7157,"SE"
"1983.06",7804,"SE"
"1983.07",7373,"SE"
"1983.08",7400,"SE"
"1983.09",7937,"SE"
"1983.10",7694,"SE"
"1983.11",7620,"SE"
"1983.12",7547,"SE"
"1984.01",7704,"SE"
"1984.02",8008,"SE"
"1984.03",8198,"SE"
"1984.04",7815,"SE"
"1984.05",8125,"SE"
"1984.06",8342,"SE"
"1984.07",8231,"SE"
"1984.08",8550,"SE"
"1984.09",8790,"SE"
"1984.10",8307,"SE"
"1984.11",9096,"SE"
"1984.12",8463,"SE"
"1985.01",8598,"SE"
"1985.02",8665,"SE"
"1985.03",8690,"SE"
"1985.04",9170,"SE"
"1985.05",8807,"SE"
"1985.06",9039,"SE"
"1985.07",8510,"SE"
"1985.08",9359,"SE"
"1985.09",9368,"SE"
"1985.10",9098,"SE"
"1985.11",9472,"SE"
"1985.12",9080,"SE"
"1986.01",9130,"SE"
"1986.02",9104,"SE"
"1986.03",8522,"SE"
"1986.04",9014,"SE"
"1986.05",9674,"SE"
"1986.06",9406,"SE"
"1986.07",9324,"SE"
"1986.08",9912,"SE"
"1986.09",9658,"SE"
"1986.10",9716,"SE"
"1986.11",10145,"SE"
"1986.12",9251,"SE"
"1987.01",9992,"SE"
"1987.02",9074,"SE"
"1987.03",9502,"SE"
"1987.04",9227,"SE"
"1987.05",9734,"SE"
"1987.06",9219,"SE"
"1987.07",9469,"SE"
"1987.08",10006,"SE"
"1987.09",9753,"SE"
"1987.10",9785,"SE"
"1987.11",10067,"SE"
"1987.12",9589,"SE"
"1988.01",10152,"SE"
"1988.02",9761,"SE"
"1988.03",9704,"SE"
"1988.04",10320,"SE"
"1988.05",9462,"SE"
"1988.06",9791,"SE"
"1988.07",9989,"SE"
"1988.08",9882,"SE"
"1988.09",10627,"SE"
"1988.10",10388,"SE"
"1988.11",9963,"SE"
"1988.12",9994,"SE"
"1989.01",9959,"SE"
"1989.02",10238,"SE"
"1989.03",9383,"SE"
"1989.04",10604,"SE"
"1989.05",9860,"SE"
"1989.06",10300,"SE"
"1989.07",10533,"SE"
"1989.08",10365,"SE"
"1989.09",11250,"SE"
"1989.10",10540,"SE"
"1989.11",10826,"SE"
"1989.12",10268,"SE"
"1990.01",10458,"SE"
"1990.02",10754,"SE"
"1990.03",10165,"SE"
"1990.04",10492,"SE"
"1990.05",9267,"SE"
"1990.06",10046,"SE"
"1990.07",9719,"SE"
"1990.08",10303,"SE"
"1990.09",11063,"SE"
"1990.10",10377,"SE"
"1990.11",11052,"SE"
"1990.12",10204,"SE"
"1991.01",9981,"SE"
"1991.02",10236,"SE"
"1991.03",9515,"SE"
"1991.04",10133,"SE"
"1991.05",10555,"SE"
"1991.06",10763,"SE"
"1991.07",10246,"SE"
"1991.08",11126,"SE"
"1991.09",11206,"SE"
"1991.10",10855,"SE"
"1991.11",11231,"SE"
"1991.12",10628,"SE"
"1992.01",10590,"SE"
"1992.02",10610,"SE"
"1992.03",10543,"SE"
"1992.04",10259,"SE"
"1992.05",10771,"SE"
"1992.06",10425,"SE"
"1992.07",10592,"SE"
"1992.08",11027,"SE"
"1992.09",10782,"SE"
"1992.10",10744,"SE"
"1992.11",11085,"SE"
"1992.12",10403,"SE"
"1993.01",10803,"SE"
"1993.02",10371,"SE"
"1993.03",10427,"SE"
"1993.04",11516,"SE"
"1993.05",10881,"SE"
"1993.06",10949,"SE"
"1993.07",10874,"SE"
"1993.08",11267,"SE"
"1993.09",11443,"SE"
"1993.10",11170,"SE"
"1993.11",11367,"SE"
"1993.12",10898,"SE"
"1994.01",10895,"SE"
"1994.02",10773,"SE"
"1994.03",10595,"SE"
"1994.04",11432,"SE"
"1994.05",10712,"SE"
"1994.06",11242,"SE"
"1994.07",10737,"SE"
"1994.08",11028,"SE"
"1994.09",11842,"SE"
"1994.10",11695,"SE"
"1994.11",11626,"SE"
"1994.12",11552,"SE"
"1995.01",11876,"SE"
"1995.02",11914,"SE"
"1995.03",11659,"SE"
"1995.04",12243,"SE"
"1995.05",11660,"SE"
"1995.06",11737,"SE"
"1995.07",11792,"SE"
"1995.08",11777,"SE"
"1995.09",12575,"SE"
"1995.10",11981,"SE"
"1995.11",12525,"SE"
"1995.12",11987,"SE"
"1996.01",11898,"SE"
"1996.02",12372,"SE"
"1996.03",12184,"SE"
"1996.04",12618,"SE"
"1996.05",12461,"SE"
"1996.06",12617,"SE"
"1996.07",12059,"SE"
"1996.08",13114,"SE"
"1996.09",12989,"SE"
"1996.10",12927,"SE"
"1996.11",13050,"SE"
"1996.12",12798,"SE"
"1997.01",13149,"SE"
"1997.02",13216,"SE"
"1997.03",12768,"SE"
"1997.04",13040,"SE"
"1997.05",13395,"SE"
"1997.06",13096,"SE"
"1997.07",13093,"SE"
"1997.08",13654,"SE"
"1997.09",13656,"SE"
"1997.10",13869,"SE"
"1997.11",14231,"SE"
"1997.12",13513,"SE"
"1998.01",14099,"SE"
"1998.02",13559,"SE"
"1998.03",13347,"SE"
"1998.04",14114,"SE"
"1998.05",13849,"SE"
"1998.06",13229,"SE"
"1998.07",13446,"SE"
"1998.08",14101,"SE"
"1998.09",14224,"SE"
"1998.10",14133,"SE"
"1998.11",13961,"SE"
"1998.12",13509,"SE"
"1999.01",13689,"SE"
"1999.02",13409,"SE"
"1999.03",13636,"SE"
"1999.04",14678,"SE"
"1999.05",13711,"SE"
"1999.06",13902,"SE"
"1999.07",13787,"SE"
"1999.08",14129,"SE"
"1999.09",14362,"SE"
"1999.10",14218,"SE"
"1999.11",14398,"SE"
"1999.12",14117,"SE"
"2000.01",14299,"SE"
"2000.02",14282,"SE"
"2000.03",14705,"SE"
"2000.04",14694,"SE"
"2000.05",14513,"SE"
"2000.06",14521,"SE"
"2000.07",14421,"SE"
"2000.08",14465,"SE"
"2000.09",14669,"SE"
"2000.10",14947,"SE"
"2000.11",15347,"SE"
"2000.12",14653,"SE"
"2001.01",14729,"SE"
"2001.02",15373,"SE"
"2001.03",15005,"SE"
"2001.04",15628,"SE"
"2001.05",15007,"SE"
"2001.06",13361,"SE"
"2001.07",10983,"SE"
"2001.08",11216,"SE"
"2001.09",11721,"SE"
"2001.10",11680,"SE"
"2001.11",11943,"SE"
"2001.12",11840,"SE"
"2002.01",12158,"SE"
"2002.02",12416,"SE"
"2002.03",12803,"SE"
"2002.04",13661,"SE"
"2002.05",13701,"SE"
"2002.06",13363,"SE"
"2002.07",12836,"SE"
"2002.08",13326,"SE"
"2002.09",13366,"SE"
"2002.10",13574,"SE"
"2002.11",13994,"SE"
"2002.12",13638,"SE"
"2003.01",13540,"SE"
"2003.02",13461,"SE"
"2003.03",13659,"SE"
"2003.04",13279,"SE"
"2003.05",13387,"SE"
"2003.06",13100,"SE"
"2003.07",12993,"SE"
"2003.08",13259,"SE"
"2003.09",13115,"SE"
"2003.10",13829,"SE"
"2003.11",13862,"SE"
"2003.12",14042,"SE"
"2004.01",13505,"SE"
"2004.02",13229,"SE"
"2004.03",13356,"SE"
"2004.04",13796,"SE"
"2004.05",14085,"SE"
"2004.06",14081,"SE"
"2004.07",14213,"SE"
"2004.08",14320,"SE"
"2004.09",14723,"SE"
"2004.10",14981,"SE"
"2004.11",14834,"SE"
"2004.12",14772,"SE"
"2005.01",15040,"SE"
"2005.02",14528,"SE"
"2005.03",14852,"SE"
"2005.04",15550,"SE"
"2005.05",14987,"SE"
"2005.06",15164,"SE"
"2005.07",14815,"SE"
"2005.08",14904,"SE"
"2005.09",15285,"SE"
"2005.10",15245,"SE"
"2005.11",15468,"SE"
"2005.12",15242,"SE"
"2006.01",17289,"SE"
"2006.02",16809,"SE"
"2006.03",17006,"SE"
"2006.04",16122,"SE"
"2006.05",16260,"SE"
"2006.06",15473,"SE"
"2006.07",15209,"SE"
"2006.08",15789,"SE"
"2006.09",15860,"SE"
"2006.10",15890,"SE"
"2006.11",16723,"SE"
"2006.12",16690,"SE"
"2007.01",16528,"SE"
"2007.02",16512,"SE"
"2007.03",17593,"SE"
"2007.04",17664,"SE"
"2007.05",17337,"SE"
"2007.06",16896,"SE"
"2007.07",16622,"SE"
"2007.08",17013,"SE"
"2007.09",17586,"SE"
"2007.10",17489,"SE"
"2007.11",17983,"SE"
"2007.12",17622,"SE"
"2008.01",17552,"SE"
"2008.02",17445,"SE"
"2008.03",17566,"SE"
"2008.04",17576,"SE"
"2008.05",17862,"SE"
"2008.06",17415,"SE"
"2008.07",17747,"SE"
"2008.08",18282,"SE"
"2008.09",18157,"SE"
"2008.10",18526,"SE"
"2008.11",18439,"SE"
"2008.12",16842,"SE"
"2009.01",16346,"SE"
"2009.02",16418,"SE"
"2009.03",17161,"SE"
"2009.04",17282,"SE"
"2009.05",16781,"SE"
"2009.06",16620,"SE"
"2009.07",16936,"SE"
"2009.08",17469,"SE"
"2009.09",17796,"SE"
"2009.10",18111,"SE"
"2009.11",18388,"SE"
"2009.12",18492,"SE"
"2010.01",17684,"SE"
"2010.02",18113,"SE"
"2010.03",18522,"SE"
"2010.04",18825,"SE"
"2010.05",18240,"SE"
"2010.06",18213,"SE"
"2010.07",17936,"SE"
"2010.08",18657,"SE"
"2010.09",18980,"SE"
"2010.10",18818,"SE"
"2010.11",18710,"SE"
"2010.12",19306,"SE"
"2011.01",19248,"SE"
"2011.02",19218,"SE"
"2011.03",19391,"SE"
"2011.04",19369,"SE"
"2011.05",18909,"SE"
"2011.06",18738,"SE"
"2011.07",18732,"SE"
"2011.08",19249,"SE"
"2011.09",19754,"SE"
"2011.10",19385,"SE"
"2011.11",19379,"SE"
"2011.12",19298,"SE"
"2012.01",18914,"SE"
"2012.02",19338,"SE"
"2012.03",20229,"SE"
"2012.04",20294,"SE"
"2012.05",19243,"SE"
"2012.06",19341,"SE"
"2012.07",18761,"SE"
"2012.08",19391,"SE"
"2012.09",19903,"SE"
"2012.10",19836,"SE"
"2012.11",20484,"SE"
"2012.12",19504,"SE"
"2013.01",20088,"SE"
"2013.02",19774,"SE"
"2013.03",19905,"SE"
"2013.04",20096,"SE"
"2013.05",19910,"SE"
"2013.06",19651,"SE"
"2013.07",19330,"SE"
"2013.08",19837,"SE"
"2013.09",20026,"SE"
"2013.10",20324,"SE"
"2013.11",20764,"SE"
"2013.12",20380,"SE"
"2014.01",20638,"SE"
"2014.02",21500,"SE"
"2014.03",20722,"SE"
"2014.04",20299,"SE"
"2014.05",20005,"SE"
"2014.06",19162,"SE"
"2014.07",19080,"SE"
"2014.08",19329,"SE"
"2014.09",19414,"SE"
"2014.10",20242,"SE"
"2014.11",20794,"SE"
"2014.12",20099,"SE"
"2015.01",20859,"SE"
"2015.02",20774,"SE"
"2015.03",20148,"SE"
"2015.04",20094,"SE"
"2015.05",19176,"SE"
"2015.06",18623,"SE"
"2015.07",18400,"SE"
"2015.08",18947,"SE"
"2015.09",18778,"SE"
"2015.10",19695,"SE"
"2015.11",19711,"SE"
"2015.12",19231,"SE"
"2016.01",19188,"SE"
"2016.02",19370,"SE"
"2016.03",19510,"SE"
"2016.04",20454,"SE"
"2016.05",19210,"SE"
"2016.06",18563,"SE"
"2016.07",18294,"SE"
"2016.08",18618,"SE"
"2016.09",19184,"SE"
"2016.10",19062,"SE"
"2016.11",19267,"SE"
"2016.12",19178,"SE"
"2017.01",19558,"SE"
"2017.02",19443,"SE"
"2017.03",20141,"SE"
"2017.04",19728,"SE"
"2017.05",18865,"SE"
"2017.06",18771,"SE"
"2017.07",18475,"SE"
"2017.08",18426,"SE"
"2017.09",19253,"SE"
"2017.10",19368,"SE"
"2017.11",19795,"SE"
"2017.12",19610,"SE"
"2018.01",19658,"SE"
"2018.02",19754,"SE"
"2018.03",19983,"SE"
"2018.04",20696,"SE"
"2018.05",19582,"SE"
"2018.06",18920,"SE"
"2018.07",18856,"SE"
"2018.08",19079,"SE"
"2018.09",19644,"SE"
"2018.10",19632,"SE"
"2018.11",20071,"SE"
"2018.12",19996,"SE"
"2019.01",20574,"SE"
"2019.02",20687,"SE"
"2019.03",20567,"SE"
"2019.04",19841,"SE"
"2019.05",20245,"SE"
"2019.06",19071,"SE"
"2019.07",18761,"SE"
"2019.08",18944,"SE"
"2019.09",19357,"SE"
"2019.10",20219,"SE"
"2019.11",20646,"SE"
"2019.12",19532,"SE"
"2020.01",20108,"SE"
"2020.02",19952,"SE"
"2020.03",20174,"SE"
"2020.04",18026,"SE"
"2020.05",17430,"SE"
"2020.06",17289,"SE"
"2020.07",18342,"SE"
"2020.08",19270,"SE"
"2020.09",19717,"SE"
"2020.10",20846,"SE"
"2020.11",20018,"SE"
"2020.12",20608,"SE"
"2021.01",21002,"SE"
"2021.02",20366,"SE"
"2021.03",21786,"SE"
"2021.04",20858,"SE"
"2021.05",19562,"SE"
"2021.06",19481,"SE"
"2021.07",19318,"SE"
"2021.08",19567,"SE"
"2021.09",20710,"SE"
"2021.10",20798,"SE"
"2021.11",20302,"SE"
"2021.12",20724,"SE"
"2022.01",20522,"SE"
"2022.02",20437,"SE"
"2022.03",21632,"SE"
"2022.04",21663,"SE"
"2022.05",20739,"SE"
"2022.06",19714,"SE"
"2022.07",19893,"SE"
"2022.08",20323,"SE"
"2022.09",20164,"SE"
"2022.10",20488,"SE"
"2022.11",20534,"SE"
"2022.12",20871,"SE"
"2023.01",20423,"SE"
"1979.01",949,"S"
"1979.02",925,"S"
"1979.03",991,"S"
"1979.04",984,"S"
"1979.05",958,"S"
"1979.06",1008,"S"
"1979.07",981,"S"
"1979.08",1038,"S"
"1979.09",986,"S"
"1979.10",1034,"S"
"1979.11",1035,"S"
"1979.12",1028,"S"
"1980.01",1114,"S"
"1980.02",1098,"S"
"1980.03",1119,"S"
"1980.04",1141,"S"
"1980.05",1220,"S"
"1980.06",1143,"S"
"1980.07",1149,"S"
"1980.08",1148,"S"
"1980.09",1142,"S"
"1980.10",1145,"S"
"1980.11",1136,"S"
"1980.12",1156,"S"
"1981.01",1221,"S"
"1981.02",1212,"S"
"1981.03",1248,"S"
"1981.04",1185,"S"
"1981.05",1178,"S"
"1981.06",1197,"S"
"1981.07",1188,"S"
"1981.08",1224,"S"
"1981.09",1197,"S"
"1981.10",1204,"S"
"1981.11",1221,"S"
"1981.12",1246,"S"
"1982.01",1287,"S"
"1982.02",1271,"S"
"1982.03",1323,"S"
"1982.04",1336,"S"
"1982.05",1353,"S"
"1982.06",1347,"S"
"1982.07",1364,"S"
"1982.08",1368,"S"
"1982.09",1356,"S"
"1982.10",1312,"S"
"1982.11",1355,"S"
"1982.12",1360,"S"
"1983.01",1423,"S"
"1983.02",1431,"S"
"1983.03",1440,"S"
"1983.04",1482,"S"
"1983.05",1509,"S"
"1983.06",1458,"S"
"1983.07",1402,"S"
"1983.08",1488,"S"
"1983.09",1449,"S"
"1983.10",1451,"S"
"1983.11",1486,"S"
"1983.12",1499,"S"
"1984.01",1649,"S"
"1984.02",1641,"S"
"1984.03",1658,"S"
"1984.04",1566,"S"
"1984.05",1620,"S"
"1984.06",1591,"S"
"1984.07",1618,"S"
"1984.08",1644,"S"
"1984.09",1589,"S"
"1984.10",1605,"S"
"1984.11",1628,"S"
"1984.12",1639,"S"
"1985.01",1862,"S"
"1985.02",1818,"S"
"1985.03",1757,"S"
"1985.04",1793,"S"
"1985.05",1725,"S"
"1985.06",1771,"S"
"1985.07",1758,"S"
"1985.08",1837,"S"
"1985.09",1812,"S"
"1985.10",1815,"S"
"1985.11",1911,"S"
"1985.12",1963,"S"
"1986.01",1933,"S"
"1986.02",1721,"S"
"1986.03",1687,"S"
"1986.04",1741,"S"
"1986.05",1828,"S"
"1986.06",1856,"S"
"1986.07",1895,"S"
"1986.08",1891,"S"
"1986.09",1918,"S"
"1986.10",1907,"S"
"1986.11",1896,"S"
"1986.12",1928,"S"
"1987.01",2039,"S"
"1987.02",1977,"S"
"1987.03",2073,"S"
"1987.04",2043,"S"
"1987.05",1995,"S"
"1987.06",2002,"S"
"1987.07",1977,"S"
"1987.08",1999,"S"
"1987.09",1994,"S"
"1987.10",1997,"S"
"1987.11",2033,"S"
"1987.12",2080,"S"
"1988.01",2138,"S"
"1988.02",2181,"S"
"1988.03",2220,"S"
"1988.04",2244,"S"
"1988.05",2141,"S"
"1988.06",2143,"S"
"1988.07",2112,"S"
"1988.08",2113,"S"
"1988.09",2141,"S"
"1988.10",2105,"S"
"1988.11",2043,"S"
"1988.12",2132,"S"
"1989.01",2235,"S"
"1989.02",2199,"S"
"1989.03",2183,"S"
"1989.04",2272,"S"
"1989.05",2278,"S"
"1989.06",2295,"S"
"1989.07",2300,"S"
"1989.08",2346,"S"
"1989.09",2343,"S"
"1989.10",2299,"S"
"1989.11",2301,"S"
"1989.12",2308,"S"
"1990.01",2448,"S"
"1990.02",2329,"S"
"1990.03",2389,"S"
"1990.04",2279,"S"
"1990.05",2229,"S"
"1990.06",2344,"S"
"1990.07",2332,"S"
"1990.08",2416,"S"
"1990.09",2373,"S"
"1990.10",2360,"S"
"1990.11",2366,"S"
"1990.12",2242,"S"
"1991.01",2381,"S"
"1991.02",2462,"S"
"1991.03",2409,"S"
"1991.04",2564,"S"
"1991.05",2512,"S"
"1991.06",2535,"S"
"1991.07",2501,"S"
"1991.08",2519,"S"
"1991.09",2524,"S"
"1991.10",2496,"S"
"1991.11",2499,"S"
"1991.12",2456,"S"
"1992.01",2573,"S"
"1992.02",2682,"S"
"1992.03",2698,"S"
"1992.04",2585,"S"
"1992.05",2504,"S"
"1992.06",2522,"S"
"1992.07",2548,"S"
"1992.08",2555,"S"
"1992.09",2499,"S"
"1992.10",2510,"S"
"1992.11",2480,"S"
"1992.12",2541,"S"
"1993.01",2666,"S"
"1993.02",2718,"S"
"1993.03",2762,"S"
"1993.04",2917,"S"
"1993.05",2742,"S"
"1993.06",2727,"S"
"1993.07",2705,"S"
"1993.08",2711,"S"
"1993.09",2704,"S"
"1993.10",2691,"S"
"1993.11",2737,"S"
"1993.12",2672,"S"
"1994.01",2822,"S"
"1994.02",2875,"S"
"1994.03",2832,"S"
"1994.04",2945,"S"
"1994.05",2792,"S"
"1994.06",2896,"S"
"1994.07",2798,"S"
"1994.08",2766,"S"
"1994.09",2951,"S"
"1994.10",2938,"S"
"1994.11",2890,"S"
"1994.12",2937,"S"
"1995.01",3115,"S"
"1995.02",3073,"S"
"1995.03",3221,"S"
"1995.04",3164,"S"
"1995.05",3106,"S"
"1995.06",3130,"S"
"1995.07",3032,"S"
"1995.08",3008,"S"
"1995.09",3150,"S"
"1995.10",3037,"S"
"1995.11",3179,"S"
"1995.12",3140,"S"
"1996.01",3240,"S"
"1996.02",3294,"S"
"1996.03",3295,"S"
"1996.04",3365,"S"
"1996.05",3214,"S"
"1996.06",3202,"S"
"1996.07",3303,"S"
"1996.08",3278,"S"
"1996.09",3266,"S"
"1996.10",3234,"S"
"1996.11",3313,"S"
"1996.12",3340,"S"
"1997.01",3515,"S"
"1997.02",3553,"S"
"1997.03",3455,"S"
"1997.04",3586,"S"
"1997.05",3485,"S"
"1997.06",3411,"S"
"1997.07",3519,"S"
"1997.08",3520,"S"
"1997.09",3545,"S"
"1997.10",3542,"S"
"1997.11",3507,"S"
"1997.12",3442,"S"
"1998.01",3621,"S"
"1998.02",3596,"S"
"1998.03",3659,"S"
"1998.04",3747,"S"
"1998.05",3630,"S"
"1998.06",3575,"S"
"1998.07",3604,"S"
"1998.08",3671,"S"
"1998.09",3659,"S"
"1998.10",3582,"S"
"1998.11",3629,"S"
"1998.12",3736,"S"
"1999.01",3772,"S"
"1999.02",3879,"S"
"1999.03",3940,"S"
"1999.04",4040,"S"
"1999.05",3802,"S"
"1999.06",3794,"S"
"1999.07",3770,"S"
"1999.08",3823,"S"
"1999.09",3904,"S"
"1999.10",3783,"S"
"1999.11",3829,"S"
"1999.12",3980,"S"
"2000.01",4088,"S"
"2000.02",4230,"S"
"2000.03",4253,"S"
"2000.04",4195,"S"
"2000.05",4147,"S"
"2000.06",4085,"S"
"2000.07",4088,"S"
"2000.08",4130,"S"
"2000.09",4075,"S"
"2000.10",4088,"S"
"2000.11",4167,"S"
"2000.12",4180,"S"
"2001.01",4132,"S"
"2001.02",4256,"S"
"2001.03",4431,"S"
"2001.04",4406,"S"
"2001.05",4117,"S"
"2001.06",4005,"S"
"2001.07",3919,"S"
"2001.08",3976,"S"
"2001.09",3981,"S"
"2001.10",3881,"S"
"2001.11",4075,"S"
"2001.12",4029,"S"
"2002.01",4033,"S"
"2002.02",4284,"S"
"2002.03",4265,"S"
"2002.04",4432,"S"
"2002.05",4209,"S"
"2002.06",4194,"S"
"2002.07",4100,"S"
"2002.08",4176,"S"
"2002.09",4110,"S"
"2002.10",4174,"S"
"2002.11",4239,"S"
"2002.12",4188,"S"
"2003.01",4399,"S"
"2003.02",4605,"S"
"2003.03",4542,"S"
"2003.04",4403,"S"
"2003.05",4316,"S"
"2003.06",4232,"S"
"2003.07",4256,"S"
"2003.08",4225,"S"
"2003.09",4256,"S"
"2003.10",4355,"S"
"2003.11",4360,"S"
"2003.12",4550,"S"
"2004.01",4423,"S"
"2004.02",4675,"S"
"2004.03",4786,"S"
"2004.04",4758,"S"
"2004.05",4651,"S"
"2004.06",4484,"S"
"2004.07",4532,"S"
"2004.08",4591,"S"
"2004.09",4593,"S"
"2004.10",4521,"S"
"2004.11",4543,"S"
"2004.12",4679,"S"
"2005.01",4718,"S"
"2005.02",4884,"S"
"2005.03",4974,"S"
"2005.04",4915,"S"
"2005.05",4710,"S"
"2005.06",4722,"S"
"2005.07",4692,"S"
"2005.08",4698,"S"
"2005.09",4641,"S"
"2005.10",4632,"S"
"2005.11",4741,"S"
"2005.12",4915,"S"
"2006.01",5219,"S"
"2006.02",5355,"S"
"2006.03",5525,"S"
"2006.04",5189,"S"
"2006.05",4880,"S"
"2006.06",4956,"S"
"2006.07",4926,"S"
"2006.08",5034,"S"
"2006.09",4918,"S"
"2006.10",4931,"S"
"2006.11",5155,"S"
"2006.12",5184,"S"
"2007.01",5312,"S"
"2007.02",5452,"S"
"2007.03",5483,"S"
"2007.04",5515,"S"
"2007.05",5334,"S"
"2007.06",5217,"S"
"2007.07",5167,"S"
"2007.08",5297,"S"
"2007.09",5265,"S"
"2007.10",5349,"S"
"2007.11",5405,"S"
"2007.12",5455,"S"
"2008.01",5605,"S"
"2008.02",5792,"S"
"2008.03",5818,"S"
"2008.04",5677,"S"
"2008.05",5474,"S"
"2008.06",5476,"S"
"2008.07",5532,"S"
"2008.08",5607,"S"
"2008.09",5521,"S"
"2008.10",5595,"S"
"2008.11",5537,"S"
"2008.12",5441,"S"
"2009.01",5342,"S"
"2009.02",5559,"S"
"2009.03",5852,"S"
"2009.04",5776,"S"
"2009.05",5366,"S"
"2009.06",5360,"S"
"2009.07",5422,"S"
"2009.08",5496,"S"
"2009.09",5467,"S"
"2009.10",5547,"S"
"2009.11",5691,"S"
"2009.12",5843,"S"
"2010.01",5799,"S"
"2010.02",5979,"S"
"2010.03",6200,"S"
"2010.04",5982,"S"
"2010.05",5731,"S"
"2010.06",5653,"S"
"2010.07",5707,"S"
"2010.08",5755,"S"
"2010.09",5712,"S"
"2010.10",5628,"S"
"2010.11",5759,"S"
"2010.12",6029,"S"
"2011.01",6285,"S"
"2011.02",6504,"S"
"2011.03",6436,"S"
"2011.04",6183,"S"
"2011.05",6148,"S"
"2011.06",6011,"S"
"2011.07",6082,"S"
"2011.08",6178,"S"
"2011.09",6134,"S"
"2011.10",6119,"S"
"2011.11",6046,"S"
"2011.12",6344,"S"
"2012.01",6353,"S"
"2012.02",6813,"S"
"2012.03",7026,"S"
"2012.04",6535,"S"
"2012.05",6142,"S"
"2012.06",6180,"S"
"2012.07",6189,"S"
"2012.08",6391,"S"
"2012.09",6340,"S"
"2012.10",6252,"S"
"2012.11",6544,"S"
"2012.12",6725,"S"
"2013.01",6617,"S"
"2013.02",6953,"S"
"2013.03",6834,"S"
"2013.04",6572,"S"
"2013.05",6614,"S"
"2013.06",6498,"S"
"2013.07",6544,"S"
"2013.08",6797,"S"
"2013.09",6573,"S"
"2013.10",6655,"S"
"2013.11",6850,"S"
"2013.12",6886,"S"
"2014.01",7333,"S"
"2014.02",8019,"S"
"2014.03",7282,"S"
"2014.04",7007,"S"
"2014.05",6795,"S"
"2014.06",6627,"S"
"2014.07",6639,"S"
"2014.08",6865,"S"
"2014.09",6823,"S"
"2014.10",6940,"S"
"2014.11",7303,"S"
"2014.12",7267,"S"
"2015.01",7308,"S"
"2015.02",7652,"S"
"2015.03",7266,"S"
"2015.04",7227,"S"
"2015.05",6671,"S"
"2015.06",6563,"S"
"2015.07",6432,"S"
"2015.08",6629,"S"
"2015.09",6474,"S"
"2015.10",6536,"S"
"2015.11",6615,"S"
"2015.12",6576,"S"
"2016.01",6904,"S"
"2016.02",7304,"S"
"2016.03",7192,"S"
"2016.04",7270,"S"
"2016.05",6831,"S"
"2016.06",6600,"S"
"2016.07",6635,"S"
"2016.08",6590,"S"
"2016.09",6573,"S"
"2016.10",6446,"S"
"2016.11",6683,"S"
"2016.12",6929,"S"
"2017.01",7281,"S"
"2017.02",7507,"S"
"2017.03",7831,"S"
"2017.04",7267,"S"
"2017.05",6685,"S"
"2017.06",6736,"S"
"2017.07",6748,"S"
"2017.08",6872,"S"
"2017.09",6973,"S"
"2017.10",6868,"S"
"2017.11",6926,"S"
"2017.12",7119,"S"
"2018.01",7436,"S"
"2018.02",7573,"S"
"2018.03",7564,"S"
"2018.04",7516,"S"
"2018.05",7271,"S"
"2018.06",6770,"S"
"2018.07",6916,"S"
"2018.08",7045,"S"
"2018.09",6960,"S"
"2018.10",6924,"S"
"2018.11",7145,"S"
"2018.12",7285,"S"
"2019.01",7897,"S"
"2019.02",8062,"S"
"2019.03",7680,"S"
"2019.04",7296,"S"
"2019.05",7297,"S"
"2019.06",6997,"S"
"2019.07",6970,"S"
"2019.08",7083,"S"
"2019.09",6943,"S"
"2019.10",7249,"S"
"2019.11",7446,"S"
"2019.12",7386,"S"
"2020.01",7859,"S"
"2020.02",7918,"S"
"2020.03",7836,"S"
"2020.04",6991,"S"
"2020.05",6578,"S"
"2020.06",6466,"S"
"2020.07",6873,"S"
"2020.08",7034,"S"
"2020.09",7206,"S"
"2020.10",7416,"S"
"2020.11",7519,"S"
"2020.12",7798,"S"
"2021.01",8079,"S"
"2021.02",7940,"S"
"2021.03",8218,"S"
"2021.04",8096,"S"
"2021.05",7561,"S"
"2021.06",7328,"S"
"2021.07",7445,"S"
"2021.08",7579,"S"
"2021.09",7355,"S"
"2021.10",7452,"S"
"2021.11",7615,"S"
"2021.12",7896,"S"
"2022.01",8518,"S"
"2022.02",8561,"S"
"2022.03",8789,"S"
"2022.04",7924,"S"
"2022.05",7551,"S"
"2022.06",7609,"S"
"2022.07",7645,"S"
"2022.08",7648,"S"
"2022.09",7553,"S"
"2022.10",7432,"S"
"2022.11",7598,"S"
"2022.12",8026,"S"
"2023.01",8316,"S"
